ShellSort,1000,0.269312
ShellSort,1000,0.255232
ShellSort,1000,0.264448
ShellSort,1000,0.25856
ShellSort,1000,0.254208
ShellSort,1000,0.254976
ShellSort,1000,0.268288
ShellSort,1000,0.264704
ShellSort,1000,0.258048
ShellSort,1000,0.272896
ShellSort,1000,0.255232
ShellSort,1000,0.273408
ShellSort,1000,0.266752
ShellSort,1000,0.268032
ShellSort,1000,0.250368
ShellSort,1000,0.293888
ShellSort,1000,0.279552
ShellSort,1000,0.295936
ShellSort,1000,0.29184
ShellSort,1000,0.27904
ShellSort,1000,0.276736
ShellSort,1000,0.272128
ShellSort,1000,0.273152
ShellSort,1000,0.29056
ShellSort,1000,0.276224
ShellSort,1000,0.275456
ShellSort,1000,0.272128
ShellSort,1000,0.27648
ShellSort,1000,0.282112
ShellSort,1000,0.353024
ShellSort,2000,0.61056
ShellSort,2000,0.612608
ShellSort,2000,0.612864
ShellSort,2000,0.621568
ShellSort,2000,0.62336
ShellSort,2000,0.615168
ShellSort,2000,0.607488
ShellSort,2000,0.631296
ShellSort,2000,0.620544
ShellSort,2000,0.627712
ShellSort,2000,0.60288
ShellSort,2000,0.625152
ShellSort,2000,0.616192
ShellSort,2000,0.60928
ShellSort,2000,0.632064
ShellSort,2000,0.673792
ShellSort,2000,0.837632
ShellSort,2000,0.861696
ShellSort,2000,0.826112
ShellSort,2000,0.777472
ShellSort,2000,0.742144
ShellSort,2000,0.784896
ShellSort,2000,0.750592
ShellSort,2000,0.78208
ShellSort,2000,0.75136
ShellSort,2000,0.777472
ShellSort,2000,0.783616
ShellSort,2000,0.761856
ShellSort,2000,0.773632
ShellSort,2000,0.766464
ShellSort,5000,2.23642
ShellSort,5000,2.30118
ShellSort,5000,2.23898
ShellSort,5000,2.05722
ShellSort,5000,2.1143
ShellSort,5000,2.05133
ShellSort,5000,2.05978
ShellSort,5000,2.00934
ShellSort,5000,2.03238
ShellSort,5000,2.09331
ShellSort,5000,2.08973
ShellSort,5000,2.04851
ShellSort,5000,2.19597
ShellSort,5000,2.03315
ShellSort,5000,2.11405
ShellSort,5000,2.1097
ShellSort,5000,2.05594
ShellSort,5000,2.07437
ShellSort,5000,2.14451
ShellSort,5000,2.09997
ShellSort,5000,2.07283
ShellSort,5000,2.08845
ShellSort,5000,2.08794
ShellSort,5000,2.05466
ShellSort,5000,2.18086
ShellSort,5000,2.11917
ShellSort,5000,2.05568
ShellSort,5000,2.11405
ShellSort,5000,2.14093
ShellSort,5000,2.08026
ShellSort,10000,4.7593
ShellSort,10000,4.7424
ShellSort,10000,4.5609
ShellSort,10000,4.43546
ShellSort,10000,4.31155
ShellSort,10000,4.28954
ShellSort,10000,4.43315
ShellSort,10000,4.03917
ShellSort,10000,3.97722
ShellSort,10000,3.86611
ShellSort,10000,3.9936
ShellSort,10000,3.63622
ShellSort,10000,3.67334
ShellSort,10000,3.70227
ShellSort,10000,3.66822
ShellSort,10000,3.8208
ShellSort,10000,3.75117
ShellSort,10000,3.59091
ShellSort,10000,3.8464
ShellSort,10000,3.56019
ShellSort,10000,3.31904
ShellSort,10000,3.18438
ShellSort,10000,3.34822
ShellSort,10000,3.30624
ShellSort,10000,3.39405
ShellSort,10000,3.29933
ShellSort,10000,3.36512
ShellSort,10000,3.20794
ShellSort,10000,3.13062
ShellSort,10000,3.20307
ShellSort,50000,19.8277
ShellSort,50000,18.4586
ShellSort,50000,18.27
ShellSort,50000,18.178
ShellSort,50000,17.9556
ShellSort,50000,18.5121
ShellSort,50000,17.9991
ShellSort,50000,17.865
ShellSort,50000,18.2986
ShellSort,50000,18.0595
ShellSort,50000,18.4927
ShellSort,50000,18.2313
ShellSort,50000,18.505
ShellSort,50000,18.5014
ShellSort,50000,18.0244
ShellSort,50000,18.1435
ShellSort,50000,18.038
ShellSort,50000,18.5884
ShellSort,50000,18.5782
ShellSort,50000,18.4067
ShellSort,50000,18.6063
ShellSort,50000,18.1335
ShellSort,50000,18.2129
ShellSort,50000,18.6253
ShellSort,50000,18.7336
ShellSort,50000,18.2469
ShellSort,50000,17.8235
ShellSort,50000,18.3068
ShellSort,50000,18.5295
ShellSort,50000,18.8918
ShellSort,100000,40.6628
ShellSort,100000,39.7445
ShellSort,100000,42.2564
ShellSort,100000,41.216
ShellSort,100000,40.6958
ShellSort,100000,42.6373
ShellSort,100000,42.6158
ShellSort,100000,39.6403
ShellSort,100000,39.5515
ShellSort,100000,40.5624
ShellSort,100000,40.9695
ShellSort,100000,40.4851
ShellSort,100000,39.7274
ShellSort,100000,40.5263
ShellSort,100000,40.3558
ShellSort,100000,41.7321
ShellSort,100000,41.5283
ShellSort,100000,41.2393
ShellSort,100000,30.4417
ShellSort,100000,30.7405
ShellSort,100000,30.9394
ShellSort,100000,29.9907
ShellSort,100000,30.2075
ShellSort,100000,31.0612
ShellSort,100000,64.5581
ShellSort,100000,53.5639
ShellSort,100000,38.1164
ShellSort,100000,31.2233
ShellSort,100000,31.2084
ShellSort,100000,31.029
ShellSort,500000,204.718
ShellSort,500000,197.961
ShellSort,500000,208.605
ShellSort,500000,195.683
ShellSort,500000,204.136
ShellSort,500000,199.587
ShellSort,500000,199.379
ShellSort,500000,198.779
ShellSort,500000,197.47
ShellSort,500000,229.722
ShellSort,500000,190.708
ShellSort,500000,194.305
ShellSort,500000,197.379
ShellSort,500000,204.446
ShellSort,500000,201.517
ShellSort,500000,204.606
ShellSort,500000,200.312
ShellSort,500000,206.596
ShellSort,500000,200.482
ShellSort,500000,199.828
ShellSort,500000,196.981
ShellSort,500000,196.943
ShellSort,500000,192.923
ShellSort,500000,202.471
ShellSort,500000,210.188
ShellSort,500000,203.55
ShellSort,500000,201.281
ShellSort,500000,199.5
ShellSort,500000,204.584
ShellSort,500000,204.393
MergeSort,1000,0.185856
MergeSort,1000,0.160512
MergeSort,1000,0.201728
MergeSort,1000,0.158464
MergeSort,1000,0.158976
MergeSort,1000,0.157952
MergeSort,1000,0.162304
MergeSort,1000,0.157184
MergeSort,1000,0.157696
MergeSort,1000,0.158464
MergeSort,1000,0.156672
MergeSort,1000,0.157952
MergeSort,1000,0.163328
MergeSort,1000,0.157696
MergeSort,1000,0.161792
MergeSort,1000,0.157696
MergeSort,1000,0.165376
MergeSort,1000,0.15872
MergeSort,1000,0.158464
MergeSort,1000,0.157184
MergeSort,1000,0.157952
MergeSort,1000,0.158208
MergeSort,1000,0.15744
MergeSort,1000,0.15872
MergeSort,1000,0.156928
MergeSort,1000,0.181504
MergeSort,1000,0.157184
MergeSort,1000,0.157696
MergeSort,1000,0.157184
MergeSort,1000,0.158208
MergeSort,2000,0.324352
MergeSort,2000,0.439808
MergeSort,2000,0.329728
MergeSort,2000,0.32512
MergeSort,2000,0.325376
MergeSort,2000,0.32768
MergeSort,2000,0.359936
MergeSort,2000,0.325888
MergeSort,2000,0.362752
MergeSort,2000,0.326656
MergeSort,2000,0.329472
MergeSort,2000,0.326144
MergeSort,2000,0.328448
MergeSort,2000,0.34304
MergeSort,2000,0.324608
MergeSort,2000,0.873216
MergeSort,2000,0.3264
MergeSort,2000,0.327168
MergeSort,2000,0.388608
MergeSort,2000,0.327424
MergeSort,2000,0.360704
MergeSort,2000,0.336128
MergeSort,2000,0.332544
MergeSort,2000,0.327168
MergeSort,2000,0.330752
MergeSort,2000,0.324352
MergeSort,2000,0.324096
MergeSort,2000,0.36736
MergeSort,2000,0.3264
MergeSort,2000,0.366848
MergeSort,5000,0.90368
MergeSort,5000,2.14758
MergeSort,5000,2.13171
MergeSort,5000,2.14246
MergeSort,5000,2.01779
MergeSort,5000,0.909824
MergeSort,5000,0.953856
MergeSort,5000,0.86784
MergeSort,5000,0.88832
MergeSort,5000,0.867072
MergeSort,5000,0.926976
MergeSort,5000,1.00659
MergeSort,5000,0.871936
MergeSort,5000,0.9408
MergeSort,5000,0.8704
MergeSort,5000,0.955136
MergeSort,5000,0.908288
MergeSort,5000,0.872192
MergeSort,5000,0.866816
MergeSort,5000,0.882432
MergeSort,5000,0.948736
MergeSort,5000,0.896256
MergeSort,5000,0.871936
MergeSort,5000,0.872704
MergeSort,5000,0.898304
MergeSort,5000,0.952576
MergeSort,5000,0.870144
MergeSort,5000,0.869632
MergeSort,5000,0.869888
MergeSort,5000,0.94976
MergeSort,10000,1.9095
MergeSort,10000,1.9031
MergeSort,10000,1.94662
MergeSort,10000,4.8873
MergeSort,10000,4.76109
MergeSort,10000,4.53632
MergeSort,10000,4.30797
MergeSort,10000,4.1856
MergeSort,10000,3.91603
MergeSort,10000,3.91142
MergeSort,10000,3.85562
MergeSort,10000,3.70842
MergeSort,10000,3.67386
MergeSort,10000,3.64518
MergeSort,10000,3.46086
MergeSort,10000,3.47776
MergeSort,10000,3.44986
MergeSort,10000,3.25709
MergeSort,10000,3.26451
MergeSort,10000,3.07814
MergeSort,10000,3.08992
MergeSort,10000,3.09734
MergeSort,10000,2.97728
MergeSort,10000,2.92429
MergeSort,10000,2.94605
MergeSort,10000,2.93222
MergeSort,10000,2.77888
MergeSort,10000,2.7799
MergeSort,10000,2.82368
MergeSort,10000,2.80038
MergeSort,50000,14.7044
MergeSort,50000,14.1038
MergeSort,50000,13.7892
MergeSort,50000,13.8468
MergeSort,50000,13.8309
MergeSort,50000,13.9215
MergeSort,50000,13.8358
MergeSort,50000,14.0298
MergeSort,50000,13.8007
MergeSort,50000,13.8301
MergeSort,50000,13.8353
MergeSort,50000,13.8317
MergeSort,50000,13.814
MergeSort,50000,13.8232
MergeSort,50000,13.814
MergeSort,50000,13.8473
MergeSort,50000,13.8281
MergeSort,50000,13.8191
MergeSort,50000,13.9018
MergeSort,50000,13.9003
MergeSort,50000,13.8268
MergeSort,50000,13.8222
MergeSort,50000,13.8163
MergeSort,50000,13.8437
MergeSort,50000,13.879
MergeSort,50000,13.79
MergeSort,50000,13.8289
MergeSort,50000,13.8278
MergeSort,50000,13.8806
MergeSort,50000,13.8373
MergeSort,100000,28.9782
MergeSort,100000,29.0368
MergeSort,100000,28.972
MergeSort,100000,28.9705
MergeSort,100000,28.9449
MergeSort,100000,28.9446
MergeSort,100000,28.9836
MergeSort,100000,28.9518
MergeSort,100000,28.9615
MergeSort,100000,28.9651
MergeSort,100000,28.961
MergeSort,100000,28.939
MergeSort,100000,28.9764
MergeSort,100000,28.9385
MergeSort,100000,29.0248
MergeSort,100000,28.9592
MergeSort,100000,28.9864
MergeSort,100000,28.9165
MergeSort,100000,28.9129
MergeSort,100000,28.9492
MergeSort,100000,28.9523
MergeSort,100000,28.9446
MergeSort,100000,28.9539
MergeSort,100000,29.0289
MergeSort,100000,28.9457
MergeSort,100000,28.9539
MergeSort,100000,28.9818
MergeSort,100000,28.9636
MergeSort,100000,28.9364
MergeSort,100000,29.0726
MergeSort,500000,158.02
MergeSort,500000,118.183
MergeSort,500000,118.306
MergeSort,500000,118.224
MergeSort,500000,118.144
MergeSort,500000,118.614
MergeSort,500000,118.158
MergeSort,500000,118.319
MergeSort,500000,118.026
MergeSort,500000,118.028
MergeSort,500000,118.135
MergeSort,500000,118.064
MergeSort,500000,118.253
MergeSort,500000,118.323
MergeSort,500000,118.23
MergeSort,500000,118.091
MergeSort,500000,118.247
MergeSort,500000,119.235
MergeSort,500000,118.532
MergeSort,500000,118.053
MergeSort,500000,119.271
MergeSort,500000,118.193
MergeSort,500000,118.187
MergeSort,500000,118.559
MergeSort,500000,118.238
MergeSort,500000,118.077
MergeSort,500000,118.115
MergeSort,500000,118.578
MergeSort,500000,118.213
MergeSort,500000,118.144
Insertion,1000,2.12096
Insertion,1000,1.9561
Insertion,1000,1.7536
Insertion,1000,1.91565
Insertion,1000,1.88902
Insertion,1000,1.84346
Insertion,1000,1.76947
Insertion,1000,1.84038
Insertion,1000,1.77869
Insertion,1000,1.80736
Insertion,1000,1.6384
Insertion,1000,1.64147
Insertion,1000,1.56723
Insertion,1000,1.6727
Insertion,1000,1.77971
Insertion,1000,1.65632
Insertion,1000,1.6128
Insertion,1000,1.6041
Insertion,1000,1.48736
Insertion,1000,1.55059
Insertion,1000,1.53856
Insertion,1000,1.46534
Insertion,1000,1.56186
Insertion,1000,1.55776
Insertion,1000,1.56211
Insertion,1000,1.48224
Insertion,1000,1.49939
Insertion,1000,1.57594
Insertion,1000,1.56774
Insertion,1000,1.47814
Insertion,2000,5.88698
Insertion,2000,5.64557
Insertion,2000,5.50118
Insertion,2000,5.19782
Insertion,2000,5.12333
Insertion,2000,5.32301
Insertion,2000,5.21395
Insertion,2000,5.08237
Insertion,2000,4.98867
Insertion,2000,4.78003
Insertion,2000,4.66816
Insertion,2000,4.69069
Insertion,2000,4.53658
Insertion,2000,4.42522
Insertion,2000,4.25062
Insertion,2000,4.19379
Insertion,2000,4.14822
Insertion,2000,4.11418
Insertion,2000,4.05786
Insertion,2000,4.06554
Insertion,2000,3.87738
Insertion,2000,3.92499
Insertion,2000,6.35341
Insertion,2000,6.06874
Insertion,2000,5.8153
Insertion,2000,5.70496
Insertion,2000,5.60102
Insertion,2000,5.16147
Insertion,2000,5.04269
Insertion,2000,4.84659
Insertion,5000,28.9075
Insertion,5000,25.2316
Insertion,5000,23.39
Insertion,5000,23.5881
Insertion,5000,23.148
Insertion,5000,23.1291
Insertion,5000,23.607
Insertion,5000,22.9701
Insertion,5000,23.4056
Insertion,5000,23.0282
Insertion,5000,23.4964
Insertion,5000,23.8574
Insertion,5000,23.2036
Insertion,5000,23.0572
Insertion,5000,22.7656
Insertion,5000,22.9614
Insertion,5000,23.0876
Insertion,5000,22.9338
Insertion,5000,23.3869
Insertion,5000,22.9985
Insertion,5000,23.7146
Insertion,5000,22.9801
Insertion,5000,23.2691
Insertion,5000,23.102
Insertion,5000,23.7332
Insertion,5000,23.3508
Insertion,5000,18.462
Insertion,5000,17.4285
Insertion,5000,17.9118
Insertion,5000,17.6604
Insertion,10000,69.7096
Insertion,10000,69.6527
Insertion,10000,70.1919
Insertion,10000,69.7331
Insertion,10000,69.1059
Insertion,10000,70.198
Insertion,10000,69.5363
Insertion,10000,70.497
Insertion,10000,69.2145
Insertion,10000,69.7405
Insertion,10000,69.4979
Insertion,10000,70.0972
Insertion,10000,69.9162
Insertion,10000,69.0051
Insertion,10000,69.6645
Insertion,10000,69.3079
Insertion,10000,68.5614
Insertion,10000,69.7254
Insertion,10000,68.5289
Insertion,10000,69.3683
Insertion,10000,69.8391
Insertion,10000,70.1642
Insertion,10000,68.7642
Insertion,10000,68.7519
Insertion,10000,69.1553
Insertion,10000,69.7418
Insertion,10000,69.5496
Insertion,10000,69.9891
Insertion,10000,68.4703
Insertion,10000,69.2995
Insertion,50000,1745.13
Insertion,50000,1740.19
Insertion,50000,1743.81
Insertion,50000,1736.99
Insertion,50000,1744.63
Insertion,50000,1735.46
Insertion,50000,1747.67
Insertion,50000,1742.29
Insertion,50000,1740.32
Insertion,50000,1735.31
Insertion,50000,1735.3
Insertion,50000,1736.73
Insertion,50000,1732.84
Insertion,50000,1745.91
Insertion,50000,1723.76
Insertion,50000,1736.78
Insertion,50000,1738.15
Insertion,50000,1744.84
Insertion,50000,1721.35
Insertion,50000,1728.87
Insertion,50000,1723.09
Insertion,50000,1736.31
Insertion,50000,1746.21
Insertion,50000,1744.48
Insertion,50000,1735.29
Insertion,50000,1747.96
Insertion,50000,1734.58
Insertion,50000,1742.22
Insertion,50000,1734.42
Insertion,50000,1735.74
Insertion,100000,6985.92
Insertion,100000,6942.95
Insertion,100000,6955.83
Insertion,100000,6971.12
Insertion,100000,6984.85
Insertion,100000,6971.8
Insertion,100000,6973.28
Insertion,100000,6947.54
Insertion,100000,6981.37
Insertion,100000,6959.98
Insertion,100000,7019.73
Insertion,100000,6951.12
Insertion,100000,6934.86
Insertion,100000,6942.04
Insertion,100000,6940.26
Insertion,100000,6975.59
Insertion,100000,6918.39
Insertion,100000,6969
Insertion,100000,6935.68
Insertion,100000,6936.37
Insertion,100000,6945.24
Insertion,100000,6952.44
Insertion,100000,6952.28
Insertion,100000,6987.53
Insertion,100000,6946
Insertion,100000,6981.08
Insertion,100000,6974.42
Insertion,100000,6963.05
Insertion,100000,6924.8
Insertion,100000,6992.92
Insertion,500000,173865
Insertion,500000,174970
Insertion,500000,174134
Insertion,500000,174077
Insertion,500000,173632
Insertion,500000,174235
Insertion,500000,173585
Insertion,500000,173991
Insertion,500000,173946
Insertion,500000,174220
Insertion,500000,173893
Insertion,500000,173696
Insertion,500000,174261
Insertion,500000,173675
Insertion,500000,174218
Insertion,500000,174382
Insertion,500000,174284
Insertion,500000,174023
Insertion,500000,174247
Insertion,500000,174361
Insertion,500000,174321
Insertion,500000,173745
Insertion,500000,174354
Insertion,500000,174677
Insertion,500000,174367
Insertion,500000,174523
Insertion,500000,173839
Insertion,500000,174008
Insertion,500000,174171
Insertion,500000,173939
Selection,1000,1.22752
Selection,1000,1.19706
Selection,1000,1.20141
Selection,1000,1.19424
Selection,1000,1.20781
Selection,1000,1.31354
Selection,1000,1.19987
Selection,1000,1.19603
Selection,1000,1.19782
Selection,1000,1.19757
Selection,1000,1.20653
Selection,1000,1.32275
Selection,1000,1.27846
Selection,1000,1.2713
Selection,1000,1.21216
Selection,1000,1.19168
Selection,1000,1.19654
Selection,1000,1.19757
Selection,1000,1.19117
Selection,1000,1.29664
Selection,1000,1.24493
Selection,1000,1.29101
Selection,1000,1.1968
Selection,1000,1.19552
Selection,1000,1.19654
Selection,1000,1.19296
Selection,1000,1.2544
Selection,1000,1.2841
Selection,1000,1.24032
Selection,1000,1.2247
Selection,2000,4.76877
Selection,2000,4.75699
Selection,2000,4.76979
Selection,2000,4.77005
Selection,2000,4.7721
Selection,2000,4.77107
Selection,2000,4.76109
Selection,2000,4.76826
Selection,2000,4.73395
Selection,2000,4.70426
Selection,2000,4.70272
Selection,2000,4.67174
Selection,2000,4.66842
Selection,2000,4.67098
Selection,2000,4.69632
Selection,2000,4.66662
Selection,2000,4.68864
Selection,2000,4.6633
Selection,2000,4.72934
Selection,2000,4.73779
Selection,2000,4.74624
Selection,2000,4.73728
Selection,2000,4.7529
Selection,2000,4.75213
Selection,2000,4.74906
Selection,2000,4.7424
Selection,2000,4.74573
Selection,2000,4.7296
Selection,2000,4.73779
Selection,2000,4.74342
Selection,5000,28.6147
Selection,5000,28.5271
Selection,5000,28.5379
Selection,5000,28.5806
Selection,5000,28.5563
Selection,5000,28.5455
Selection,5000,28.5279
Selection,5000,28.844
Selection,5000,28.7424
Selection,5000,28.5381
Selection,5000,28.6848
Selection,5000,28.5327
Selection,5000,28.5386
Selection,5000,28.5476
Selection,5000,28.5489
Selection,5000,28.546
Selection,5000,28.5376
Selection,5000,28.5422
Selection,5000,28.543
Selection,5000,28.5486
Selection,5000,28.5873
Selection,5000,28.535
Selection,5000,28.5302
Selection,5000,28.5338
Selection,5000,28.576
Selection,5000,28.5391
Selection,5000,28.5284
Selection,5000,28.5532
Selection,5000,28.5332
Selection,5000,28.5811
Selection,10000,112.717
Selection,10000,112.697
Selection,10000,112.712
Selection,10000,112.653
Selection,10000,112.767
Selection,10000,112.746
Selection,10000,112.805
Selection,10000,112.74
Selection,10000,112.737
Selection,10000,112.709
Selection,10000,112.724
Selection,10000,112.916
Selection,10000,112.71
Selection,10000,112.742
Selection,10000,112.687
Selection,10000,112.945
Selection,10000,112.698
Selection,10000,112.715
Selection,10000,112.743
Selection,10000,112.686
Selection,10000,112.775
Selection,10000,112.75
Selection,10000,112.761
Selection,10000,112.751
Selection,10000,112.689
Selection,10000,112.713
Selection,10000,112.688
Selection,10000,112.822
Selection,10000,112.763
Selection,10000,112.729
Selection,50000,2798.01
Selection,50000,2799.63
Selection,50000,2799.12
Selection,50000,2798.83
Selection,50000,2799.12
Selection,50000,2799.13
Selection,50000,2799.76
Selection,50000,2799.17
Selection,50000,2798.93
Selection,50000,2798.25
Selection,50000,2798.84
Selection,50000,2802.64
Selection,50000,2799.64
Selection,50000,2798.41
Selection,50000,2798.92
Selection,50000,2800.84
Selection,50000,2798.99
Selection,50000,2807.21
Selection,50000,2799.09
Selection,50000,2799.47
Selection,50000,2802.73
Selection,50000,2798.13
Selection,50000,2799.21
Selection,50000,2800.26
Selection,50000,2799.33
Selection,50000,2800.63
Selection,50000,2811.18
Selection,50000,2799.35
Selection,50000,2799.1
Selection,50000,2800.24
Selection,100000,11193.2
Selection,100000,11198.7
Selection,100000,11189.6
Selection,100000,11187.1
Selection,100000,11186.6
Selection,100000,11188.7
Selection,100000,11184.2
Selection,100000,11189
Selection,100000,11185.8
Selection,100000,11188.3
Selection,100000,11190.6
Selection,100000,11185.6
Selection,100000,11190.7
Selection,100000,11283.3
Selection,100000,11195.8
Selection,100000,11191.4
Selection,100000,11196.5
Selection,100000,11190.1
Selection,100000,11187.7
Selection,100000,11204
Selection,100000,11193.9
Selection,100000,11191.8
Selection,100000,11185
Selection,100000,11187
Selection,100000,11184.1
Selection,100000,11253.4
Selection,100000,11196.3
Selection,100000,11184.9
Selection,100000,11188.6
Selection,100000,11226.3
Selection,500000,279198
Selection,500000,279035
Selection,500000,279056
Selection,500000,279057
Selection,500000,279089
Selection,500000,279196
Selection,500000,279003
Selection,500000,279015
Selection,500000,278999
Selection,500000,279007
Selection,500000,279177
Selection,500000,279287
Selection,500000,278978
Selection,500000,278982
Selection,500000,278996
Selection,500000,278989
Selection,500000,278993
Selection,500000,279118
Selection,500000,279006
Selection,500000,279098
Selection,500000,279473
Selection,500000,278971
Selection,500000,278962
Selection,500000,279055
Selection,500000,279071
Selection,500000,278980
Selection,500000,279002
Selection,500000,278985
Selection,500000,279010
Selection,500000,278998
QuickSort pivô central,1000,0.18688
QuickSort pivô central,1000,0.190464
QuickSort pivô central,1000,0.187392
QuickSort pivô central,1000,0.187392
QuickSort pivô central,1000,0.187904
QuickSort pivô central,1000,0.195072
QuickSort pivô central,1000,0.201984
QuickSort pivô central,1000,0.189184
QuickSort pivô central,1000,0.186624
QuickSort pivô central,1000,0.186624
QuickSort pivô central,1000,0.189696
QuickSort pivô central,1000,0.190464
QuickSort pivô central,1000,0.192512
QuickSort pivô central,1000,0.178688
QuickSort pivô central,1000,0.180736
QuickSort pivô central,1000,0.176128
QuickSort pivô central,1000,0.175616
QuickSort pivô central,1000,0.186112
QuickSort pivô central,1000,0.176896
QuickSort pivô central,1000,0.178688
QuickSort pivô central,1000,0.175872
QuickSort pivô central,1000,0.176384
QuickSort pivô central,1000,0.1792
QuickSort pivô central,1000,0.177152
QuickSort pivô central,1000,0.179456
QuickSort pivô central,1000,0.180992
QuickSort pivô central,1000,0.176896
QuickSort pivô central,1000,0.179456
QuickSort pivô central,1000,0.180224
QuickSort pivô central,1000,0.178432
QuickSort pivô central,2000,0.365056
QuickSort pivô central,2000,0.369152
QuickSort pivô central,2000,0.3648
QuickSort pivô central,2000,0.346112
QuickSort pivô central,2000,0.351232
QuickSort pivô central,2000,0.351232
QuickSort pivô central,2000,0.353536
QuickSort pivô central,2000,0.33664
QuickSort pivô central,2000,0.334848
QuickSort pivô central,2000,0.348416
QuickSort pivô central,2000,0.329472
QuickSort pivô central,2000,0.331776
QuickSort pivô central,2000,0.31232
QuickSort pivô central,2000,0.31104
QuickSort pivô central,2000,0.315136
QuickSort pivô central,2000,0.30976
QuickSort pivô central,2000,0.311552
QuickSort pivô central,2000,0.297216
QuickSort pivô central,2000,0.296448
QuickSort pivô central,2000,0.3136
QuickSort pivô central,2000,0.300032
QuickSort pivô central,2000,0.30336
QuickSort pivô central,2000,0.286464
QuickSort pivô central,2000,0.291328
QuickSort pivô central,2000,0.282624
QuickSort pivô central,2000,0.282112
QuickSort pivô central,2000,0.291328
QuickSort pivô central,2000,0.311808
QuickSort pivô central,2000,0.2688
QuickSort pivô central,2000,0.274688
QuickSort pivô central,5000,0.731136
QuickSort pivô central,5000,0.754432
QuickSort pivô central,5000,0.731136
QuickSort pivô central,5000,0.7232
QuickSort pivô central,5000,0.721408
QuickSort pivô central,5000,0.733184
QuickSort pivô central,5000,0.732672
QuickSort pivô central,5000,0.724992
QuickSort pivô central,5000,0.743936
QuickSort pivô central,5000,0.730368
QuickSort pivô central,5000,0.73088
QuickSort pivô central,5000,0.73216
QuickSort pivô central,5000,0.734976
QuickSort pivô central,5000,0.723968
QuickSort pivô central,5000,0.72448
QuickSort pivô central,5000,0.74368
QuickSort pivô central,5000,0.732672
QuickSort pivô central,5000,0.732416
QuickSort pivô central,5000,0.740352
QuickSort pivô central,5000,0.723712
QuickSort pivô central,5000,0.749056
QuickSort pivô central,5000,0.729344
QuickSort pivô central,5000,0.731648
QuickSort pivô central,5000,0.735744
QuickSort pivô central,5000,0.725504
QuickSort pivô central,5000,0.726528
QuickSort pivô central,5000,0.72704
QuickSort pivô central,5000,0.721408
QuickSort pivô central,5000,0.72192
QuickSort pivô central,5000,0.7424
QuickSort pivô central,10000,1.5401
QuickSort pivô central,10000,1.54086
QuickSort pivô central,10000,1.56544
QuickSort pivô central,10000,1.53805
QuickSort pivô central,10000,1.53574
QuickSort pivô central,10000,1.5209
QuickSort pivô central,10000,1.5465
QuickSort pivô central,10000,1.52934
QuickSort pivô central,10000,1.52013
QuickSort pivô central,10000,1.5191
QuickSort pivô central,10000,1.51706
QuickSort pivô central,10000,1.52346
QuickSort pivô central,10000,1.54035
QuickSort pivô central,10000,1.5296
QuickSort pivô central,10000,1.51808
QuickSort pivô central,10000,1.53805
QuickSort pivô central,10000,1.53574
QuickSort pivô central,10000,1.53574
QuickSort pivô central,10000,1.54726
QuickSort pivô central,10000,1.51219
QuickSort pivô central,10000,1.56314
QuickSort pivô central,10000,1.53498
QuickSort pivô central,10000,1.5465
QuickSort pivô central,10000,1.54317
QuickSort pivô central,10000,1.54573
QuickSort pivô central,10000,1.5319
QuickSort pivô central,10000,1.55776
QuickSort pivô central,10000,1.53114
QuickSort pivô central,10000,1.53984
QuickSort pivô central,10000,1.536
QuickSort pivô central,50000,8.2624
QuickSort pivô central,50000,8.23245
QuickSort pivô central,50000,8.38246
QuickSort pivô central,50000,8.26906
QuickSort pivô central,50000,8.40141
QuickSort pivô central,50000,8.47309
QuickSort pivô central,50000,8.32973
QuickSort pivô central,50000,8.3223
QuickSort pivô central,50000,8.32922
QuickSort pivô central,50000,8.38067
QuickSort pivô central,50000,8.3561
QuickSort pivô central,50000,8.31872
QuickSort pivô central,50000,8.33434
QuickSort pivô central,50000,8.34918
QuickSort pivô central,50000,8.27162
QuickSort pivô central,50000,8.26726
QuickSort pivô central,50000,8.39654
QuickSort pivô central,50000,8.4329
QuickSort pivô central,50000,8.37837
QuickSort pivô central,50000,8.3817
QuickSort pivô central,50000,8.30285
QuickSort pivô central,50000,8.25574
QuickSort pivô central,50000,8.35814
QuickSort pivô central,50000,8.31898
QuickSort pivô central,50000,8.36582
QuickSort pivô central,50000,8.2775
QuickSort pivô central,50000,8.28058
QuickSort pivô central,50000,8.33485
QuickSort pivô central,50000,8.29594
QuickSort pivô central,50000,8.29005
QuickSort pivô central,100000,16.8717
QuickSort pivô central,100000,16.9754
QuickSort pivô central,100000,13.4548
QuickSort pivô central,100000,30.3391
QuickSort pivô central,100000,22.21
QuickSort pivô central,100000,18.75
QuickSort pivô central,100000,15.5448
QuickSort pivô central,100000,12.9682
QuickSort pivô central,100000,13.1044
QuickSort pivô central,100000,12.7713
QuickSort pivô central,100000,12.937
QuickSort pivô central,100000,12.9582
QuickSort pivô central,100000,13.1323
QuickSort pivô central,100000,12.8159
QuickSort pivô central,100000,12.7734
QuickSort pivô central,100000,12.8387
QuickSort pivô central,100000,12.9106
QuickSort pivô central,100000,12.7992
QuickSort pivô central,100000,12.6451
QuickSort pivô central,100000,12.9208
QuickSort pivô central,100000,12.9219
QuickSort pivô central,100000,13.1379
QuickSort pivô central,100000,12.887
QuickSort pivô central,100000,12.9564
QuickSort pivô central,100000,12.7964
QuickSort pivô central,100000,12.8356
QuickSort pivô central,100000,12.9341
QuickSort pivô central,100000,12.7631
QuickSort pivô central,100000,12.7309
QuickSort pivô central,100000,12.8727
QuickSort pivô central,500000,64.3935
QuickSort pivô central,500000,64.8568
QuickSort pivô central,500000,64.7629
QuickSort pivô central,500000,64.1485
QuickSort pivô central,500000,65.0173
QuickSort pivô central,500000,64.8371
QuickSort pivô central,500000,64.2209
QuickSort pivô central,500000,65.0806
QuickSort pivô central,500000,65.333
QuickSort pivô central,500000,64.609
QuickSort pivô central,500000,64.479
QuickSort pivô central,500000,65.0706
QuickSort pivô central,500000,64.501
QuickSort pivô central,500000,64.3213
QuickSort pivô central,500000,65.0926
QuickSort pivô central,500000,64.1971
QuickSort pivô central,500000,64.6372
QuickSort pivô central,500000,64.7634
QuickSort pivô central,500000,65.2844
QuickSort pivô central,500000,64.6267
QuickSort pivô central,500000,64.5
QuickSort pivô central,500000,64.7043
QuickSort pivô central,500000,65.6282
QuickSort pivô central,500000,64.8207
QuickSort pivô central,500000,64.2918
QuickSort pivô central,500000,65.6556
QuickSort pivô central,500000,65.3066
QuickSort pivô central,500000,64.5916
QuickSort pivô central,500000,65.4543
QuickSort pivô central,500000,64.7974
QuickSort pivô mediana,1000,0.270336
QuickSort pivô mediana,1000,0.266752
QuickSort pivô mediana,1000,0.275968
QuickSort pivô mediana,1000,0.29568
QuickSort pivô mediana,1000,0.243712
QuickSort pivô mediana,1000,0.250112
QuickSort pivô mediana,1000,0.248832
QuickSort pivô mediana,1000,0.252672
QuickSort pivô mediana,1000,0.228864
QuickSort pivô mediana,1000,0.228096
QuickSort pivô mediana,1000,0.233984
QuickSort pivô mediana,1000,0.215296
QuickSort pivô mediana,1000,0.21248
QuickSort pivô mediana,1000,0.2304
QuickSort pivô mediana,1000,0.210432
QuickSort pivô mediana,1000,0.21632
QuickSort pivô mediana,1000,0.214016
QuickSort pivô mediana,1000,0.20224
QuickSort pivô mediana,1000,0.202496
QuickSort pivô mediana,1000,0.20096
QuickSort pivô mediana,1000,0.197376
QuickSort pivô mediana,1000,0.188928
QuickSort pivô mediana,1000,0.189696
QuickSort pivô mediana,1000,0.188672
QuickSort pivô mediana,1000,0.187904
QuickSort pivô mediana,1000,0.178432
QuickSort pivô mediana,1000,0.177152
QuickSort pivô mediana,1000,0.178432
QuickSort pivô mediana,1000,0.180224
QuickSort pivô mediana,1000,0.178944
QuickSort pivô mediana,2000,0.343808
QuickSort pivô mediana,2000,0.356608
QuickSort pivô mediana,2000,0.380672
QuickSort pivô mediana,2000,0.345856
QuickSort pivô mediana,2000,0.34816
QuickSort pivô mediana,2000,0.329216
QuickSort pivô mediana,2000,0.327168
QuickSort pivô mediana,2000,0.323584
QuickSort pivô mediana,2000,0.323328
QuickSort pivô mediana,2000,0.322816
QuickSort pivô mediana,2000,0.319488
QuickSort pivô mediana,2000,0.309504
QuickSort pivô mediana,2000,0.31488
QuickSort pivô mediana,2000,0.320768
QuickSort pivô mediana,2000,0.316416
QuickSort pivô mediana,2000,0.30208
QuickSort pivô mediana,2000,0.299264
QuickSort pivô mediana,2000,0.294656
QuickSort pivô mediana,2000,0.298496
QuickSort pivô mediana,2000,0.300032
QuickSort pivô mediana,2000,0.29184
QuickSort pivô mediana,2000,0.288
QuickSort pivô mediana,2000,0.285952
QuickSort pivô mediana,2000,0.287488
QuickSort pivô mediana,2000,0.283904
QuickSort pivô mediana,2000,0.276736
QuickSort pivô mediana,2000,0.269824
QuickSort pivô mediana,2000,0.276224
QuickSort pivô mediana,2000,0.283648
QuickSort pivô mediana,2000,0.27904
QuickSort pivô mediana,5000,0.740864
QuickSort pivô mediana,5000,0.73856
QuickSort pivô mediana,5000,0.73088
QuickSort pivô mediana,5000,0.73088
QuickSort pivô mediana,5000,0.739328
QuickSort pivô mediana,5000,0.7488
QuickSort pivô mediana,5000,0.722432
QuickSort pivô mediana,5000,0.731648
QuickSort pivô mediana,5000,0.735744
QuickSort pivô mediana,5000,0.728832
QuickSort pivô mediana,5000,0.727808
QuickSort pivô mediana,5000,0.735488
QuickSort pivô mediana,5000,0.745216
QuickSort pivô mediana,5000,0.717824
QuickSort pivô mediana,5000,0.736256
QuickSort pivô mediana,5000,0.719104
QuickSort pivô mediana,5000,0.730368
QuickSort pivô mediana,5000,0.732416
QuickSort pivô mediana,5000,0.740608
QuickSort pivô mediana,5000,0.727552
QuickSort pivô mediana,5000,0.731136
QuickSort pivô mediana,5000,0.730368
QuickSort pivô mediana,5000,0.734208
QuickSort pivô mediana,5000,0.736256
QuickSort pivô mediana,5000,0.72064
QuickSort pivô mediana,5000,0.738048
QuickSort pivô mediana,5000,0.730112
QuickSort pivô mediana,5000,0.737024
QuickSort pivô mediana,5000,0.740096
QuickSort pivô mediana,5000,0.7424
QuickSort pivô mediana,10000,1.52474
QuickSort pivô mediana,10000,1.53728
QuickSort pivô mediana,10000,1.53805
QuickSort pivô mediana,10000,1.53242
QuickSort pivô mediana,10000,1.55059
QuickSort pivô mediana,10000,1.53907
QuickSort pivô mediana,10000,1.52115
QuickSort pivô mediana,10000,1.53574
QuickSort pivô mediana,10000,1.53651
QuickSort pivô mediana,10000,1.51782
QuickSort pivô mediana,10000,1.51322
QuickSort pivô mediana,10000,1.53498
QuickSort pivô mediana,10000,1.5616
QuickSort pivô mediana,10000,1.51936
QuickSort pivô mediana,10000,1.52371
QuickSort pivô mediana,10000,1.53856
QuickSort pivô mediana,10000,1.52141
QuickSort pivô mediana,10000,1.53267
QuickSort pivô mediana,10000,1.52806
QuickSort pivô mediana,10000,1.53293
QuickSort pivô mediana,10000,1.53114
QuickSort pivô mediana,10000,1.52141
QuickSort pivô mediana,10000,1.52166
QuickSort pivô mediana,10000,1.52115
QuickSort pivô mediana,10000,1.54547
QuickSort pivô mediana,10000,1.54112
QuickSort pivô mediana,10000,1.51373
QuickSort pivô mediana,10000,1.53523
QuickSort pivô mediana,10000,1.5232
QuickSort pivô mediana,10000,1.55187
QuickSort pivô mediana,50000,8.32051
QuickSort pivô mediana,50000,8.35712
QuickSort pivô mediana,50000,8.41574
QuickSort pivô mediana,50000,8.26445
QuickSort pivô mediana,50000,8.29107
QuickSort pivô mediana,50000,8.4265
QuickSort pivô mediana,50000,8.3049
QuickSort pivô mediana,50000,8.28134
QuickSort pivô mediana,50000,8.38374
QuickSort pivô mediana,50000,8.32282
QuickSort pivô mediana,50000,8.88422
QuickSort pivô mediana,50000,15.5297
QuickSort pivô mediana,50000,8.31232
QuickSort pivô mediana,50000,8.32307
QuickSort pivô mediana,50000,8.27699
QuickSort pivô mediana,50000,8.33894
QuickSort pivô mediana,50000,8.33357
QuickSort pivô mediana,50000,8.26854
QuickSort pivô mediana,50000,8.28134
QuickSort pivô mediana,50000,8.5783
QuickSort pivô mediana,50000,8.38093
QuickSort pivô mediana,50000,8.29184
QuickSort pivô mediana,50000,8.29926
QuickSort pivô mediana,50000,8.39885
QuickSort pivô mediana,50000,8.2409
QuickSort pivô mediana,50000,8.30362
QuickSort pivô mediana,50000,8.24448
QuickSort pivô mediana,50000,8.25498
QuickSort pivô mediana,50000,8.30925
QuickSort pivô mediana,50000,8.34381
QuickSort pivô mediana,100000,16.9664
QuickSort pivô mediana,100000,16.8038
QuickSort pivô mediana,100000,16.8479
QuickSort pivô mediana,100000,16.8246
QuickSort pivô mediana,100000,16.748
QuickSort pivô mediana,100000,13.7139
QuickSort pivô mediana,100000,12.7992
QuickSort pivô mediana,100000,12.8955
QuickSort pivô mediana,100000,12.9651
QuickSort pivô mediana,100000,12.9311
QuickSort pivô mediana,100000,12.8381
QuickSort pivô mediana,100000,13.1743
QuickSort pivô mediana,100000,12.8937
QuickSort pivô mediana,100000,12.917
QuickSort pivô mediana,100000,12.7357
QuickSort pivô mediana,100000,12.8289
QuickSort pivô mediana,100000,12.7442
QuickSort pivô mediana,100000,12.8538
QuickSort pivô mediana,100000,12.8246
QuickSort pivô mediana,100000,12.6999
QuickSort pivô mediana,100000,12.9692
QuickSort pivô mediana,100000,12.8253
QuickSort pivô mediana,100000,12.6851
QuickSort pivô mediana,100000,12.7357
QuickSort pivô mediana,100000,12.7713
QuickSort pivô mediana,100000,12.812
QuickSort pivô mediana,100000,12.7122
QuickSort pivô mediana,100000,12.9147
QuickSort pivô mediana,100000,12.7414
QuickSort pivô mediana,100000,12.7951
QuickSort pivô mediana,500000,64.7962
QuickSort pivô mediana,500000,64.3953
QuickSort pivô mediana,500000,64.4887
QuickSort pivô mediana,500000,65.1282
QuickSort pivô mediana,500000,64.4109
QuickSort pivô mediana,500000,64.7301
QuickSort pivô mediana,500000,64.2906
QuickSort pivô mediana,500000,65.4646
QuickSort pivô mediana,500000,65.4653
QuickSort pivô mediana,500000,64.8886
QuickSort pivô mediana,500000,65.2419
QuickSort pivô mediana,500000,68.535
QuickSort pivô mediana,500000,64.5238
QuickSort pivô mediana,500000,63.9905
QuickSort pivô mediana,500000,64.736
QuickSort pivô mediana,500000,65.012
QuickSort pivô mediana,500000,64.6907
QuickSort pivô mediana,500000,64.9618
QuickSort pivô mediana,500000,64.223
QuickSort pivô mediana,500000,64.5207
QuickSort pivô mediana,500000,65.5956
QuickSort pivô mediana,500000,64.5635
QuickSort pivô mediana,500000,64.8113
QuickSort pivô mediana,500000,64.8748
QuickSort pivô mediana,500000,64.4754
QuickSort pivô mediana,500000,64.9615
QuickSort pivô mediana,500000,64.2401
QuickSort pivô mediana,500000,64.7155
QuickSort pivô mediana,500000,64.3945
QuickSort pivô mediana,500000,64.5115
QuickSort parcial,1000,0.271616
QuickSort parcial,1000,0.2688
QuickSort parcial,1000,0.276224
QuickSort parcial,1000,0.221696
QuickSort parcial,1000,0.209664
QuickSort parcial,1000,0.219136
QuickSort parcial,1000,0.216064
QuickSort parcial,1000,0.209664
QuickSort parcial,1000,0.21632
QuickSort parcial,1000,0.212992
QuickSort parcial,1000,0.214784
QuickSort parcial,1000,0.214784
QuickSort parcial,1000,0.198912
QuickSort parcial,1000,0.200192
QuickSort parcial,1000,0.111872
QuickSort parcial,1000,0.100096
QuickSort parcial,1000,0.12288
QuickSort parcial,1000,0.099328
QuickSort parcial,1000,0.100864
QuickSort parcial,1000,0.102144
QuickSort parcial,1000,0.100864
QuickSort parcial,1000,0.101632
QuickSort parcial,1000,0.100352
QuickSort parcial,1000,0.117248
QuickSort parcial,1000,0.100608
QuickSort parcial,1000,0.100352
QuickSort parcial,1000,0.101376
QuickSort parcial,1000,0.100608
QuickSort parcial,1000,0.10496
QuickSort parcial,1000,0.104192
QuickSort parcial,2000,0.217088
QuickSort parcial,2000,0.213504
QuickSort parcial,2000,0.206592
QuickSort parcial,2000,0.223232
QuickSort parcial,2000,0.2304
QuickSort parcial,2000,0.20352
QuickSort parcial,2000,0.240128
QuickSort parcial,2000,0.204544
QuickSort parcial,2000,0.331264
QuickSort parcial,2000,0.324608
QuickSort parcial,2000,0.326912
QuickSort parcial,2000,0.329984
QuickSort parcial,2000,0.329984
QuickSort parcial,2000,0.308224
QuickSort parcial,2000,0.315136
QuickSort parcial,2000,0.318464
QuickSort parcial,2000,0.316416
QuickSort parcial,2000,0.31232
QuickSort parcial,2000,0.298752
QuickSort parcial,2000,0.229888
QuickSort parcial,2000,0.222464
QuickSort parcial,2000,0.204032
QuickSort parcial,2000,0.247296
QuickSort parcial,2000,0.20608
QuickSort parcial,2000,0.233472
QuickSort parcial,2000,0.22272
QuickSort parcial,2000,0.205568
QuickSort parcial,2000,0.23936
QuickSort parcial,2000,0.203264
QuickSort parcial,2000,0.206592
QuickSort parcial,5000,0.60288
QuickSort parcial,5000,0.621312
QuickSort parcial,5000,0.601088
QuickSort parcial,5000,0.551936
QuickSort parcial,5000,0.57472
QuickSort parcial,5000,0.578048
QuickSort parcial,5000,0.541184
QuickSort parcial,5000,0.56448
QuickSort parcial,5000,0.54144
QuickSort parcial,5000,0.54016
QuickSort parcial,5000,0.552192
QuickSort parcial,5000,0.558336
QuickSort parcial,5000,0.545792
QuickSort parcial,5000,0.577024
QuickSort parcial,5000,1.47661
QuickSort parcial,5000,1.46278
QuickSort parcial,5000,0.910848
QuickSort parcial,5000,0.943616
QuickSort parcial,5000,0.913664
QuickSort parcial,5000,0.561408
QuickSort parcial,5000,0.556288
QuickSort parcial,5000,0.556544
QuickSort parcial,5000,0.571904
QuickSort parcial,5000,0.5952
QuickSort parcial,5000,0.608256
QuickSort parcial,5000,0.58496
QuickSort parcial,5000,0.54144
QuickSort parcial,5000,0.546048
QuickSort parcial,5000,0.5568
QuickSort parcial,5000,0.54016
QuickSort parcial,10000,1.14918
QuickSort parcial,10000,1.16557
QuickSort parcial,10000,1.13946
QuickSort parcial,10000,1.14048
QuickSort parcial,10000,1.13459
QuickSort parcial,10000,1.15763
QuickSort parcial,10000,1.1328
QuickSort parcial,10000,1.13971
QuickSort parcial,10000,1.1607
QuickSort parcial,10000,1.19578
QuickSort parcial,10000,1.15686
QuickSort parcial,10000,1.14918
QuickSort parcial,10000,1.17146
QuickSort parcial,10000,1.16096
QuickSort parcial,10000,1.1415
QuickSort parcial,10000,1.2439
QuickSort parcial,10000,3.01056
QuickSort parcial,10000,2.96038
QuickSort parcial,10000,1.25056
QuickSort parcial,10000,1.21933
QuickSort parcial,10000,1.24595
QuickSort parcial,10000,1.20499
QuickSort parcial,10000,1.21472
QuickSort parcial,10000,1.14714
QuickSort parcial,10000,1.20755
QuickSort parcial,10000,1.20883
QuickSort parcial,10000,1.19859
QuickSort parcial,10000,1.18963
QuickSort parcial,10000,1.23981
QuickSort parcial,10000,1.23085
QuickSort parcial,50000,6.35136
QuickSort parcial,50000,6.34752
QuickSort parcial,50000,6.46938
QuickSort parcial,50000,6.35392
QuickSort parcial,50000,6.4023
QuickSort parcial,50000,6.37235
QuickSort parcial,50000,6.35597
QuickSort parcial,50000,6.39053
QuickSort parcial,50000,6.35085
QuickSort parcial,50000,6.45402
QuickSort parcial,50000,6.34803
QuickSort parcial,50000,6.45581
QuickSort parcial,50000,6.26816
QuickSort parcial,50000,6.33958
QuickSort parcial,50000,6.57715
QuickSort parcial,50000,6.32499
QuickSort parcial,50000,6.30246
QuickSort parcial,50000,6.84186
QuickSort parcial,50000,13.0593
QuickSort parcial,50000,6.5705
QuickSort parcial,50000,6.47885
QuickSort parcial,50000,6.31066
QuickSort parcial,50000,6.31654
QuickSort parcial,50000,6.38976
QuickSort parcial,50000,6.34112
QuickSort parcial,50000,6.31322
QuickSort parcial,50000,6.33421
QuickSort parcial,50000,6.35059
QuickSort parcial,50000,6.38029
QuickSort parcial,50000,6.39795
QuickSort parcial,100000,12.7877
QuickSort parcial,100000,12.6625
QuickSort parcial,100000,12.6666
QuickSort parcial,100000,12.6892
QuickSort parcial,100000,12.7153
QuickSort parcial,100000,13.1274
QuickSort parcial,100000,12.9027
QuickSort parcial,100000,12.8049
QuickSort parcial,100000,12.759
QuickSort parcial,100000,12.9364
QuickSort parcial,100000,12.866
QuickSort parcial,100000,12.961
QuickSort parcial,100000,12.6948
QuickSort parcial,100000,12.7229
QuickSort parcial,100000,12.8361
QuickSort parcial,100000,12.7665
QuickSort parcial,100000,12.7148
QuickSort parcial,100000,12.7849
QuickSort parcial,100000,13.0493
QuickSort parcial,100000,12.7821
QuickSort parcial,100000,12.7273
QuickSort parcial,100000,12.7424
QuickSort parcial,100000,12.7508
QuickSort parcial,100000,12.7383
QuickSort parcial,100000,12.8737
QuickSort parcial,100000,12.8456
QuickSort parcial,100000,12.5356
QuickSort parcial,100000,12.7299
QuickSort parcial,100000,12.7688
QuickSort parcial,100000,12.629
QuickSort parcial,500000,64.7437
QuickSort parcial,500000,64.5181
QuickSort parcial,500000,64.7905
QuickSort parcial,500000,64.9188
QuickSort parcial,500000,64.766
QuickSort parcial,500000,64.7306
QuickSort parcial,500000,64.2412
QuickSort parcial,500000,64.704
QuickSort parcial,500000,65.2792
QuickSort parcial,500000,64.4959
QuickSort parcial,500000,65.7623
QuickSort parcial,500000,65.2344
QuickSort parcial,500000,64.8463
QuickSort parcial,500000,64.822
QuickSort parcial,500000,64.1843
QuickSort parcial,500000,65.1121
QuickSort parcial,500000,64.9866
QuickSort parcial,500000,64.9108
QuickSort parcial,500000,64.4434
QuickSort parcial,500000,65.3353
QuickSort parcial,500000,65.4377
QuickSort parcial,500000,65.9085
QuickSort parcial,500000,65.4756
QuickSort parcial,500000,65.4917
QuickSort parcial,500000,64.926
QuickSort parcial,500000,64.1055
QuickSort parcial,500000,64.7132
QuickSort parcial,500000,65.1039
QuickSort parcial,500000,65.0012
QuickSort parcial,500000,64.7931
